{
  "id": "/subscriptions/d844632f-0a17-4479-be7e-4503eb554495/resourceGroups/Management-RS/providers/Microsoft.Resources/deployments/CreateVmss-MicrosoftWindowsServer.WindowsServer-2-20251221225037",
  "name": "CreateVmss-MicrosoftWindowsServer.WindowsServer-2-20251221225037",
  "type": "Microsoft.Resources/deployments",
  "properties": {
    "templateHash": "17542614282399946337",
    "parameters": {
      "location": {
        "type": "String",
        "value": "westeurope"
      },
      "osDiskType": {
        "type": "String",
        "value": "StandardSSD_ZRS"
      },
      "virtualNetworkId": {
        "type": "String",
        "value": "/subscriptions/d844632f-0a17-4479-be7e-4503eb554495/resourceGroups/Management-RS/providers/Microsoft.Network/virtualNetworks/Brain_Tumor_Cloud"
      },
      "virtualNetworkName": {
        "type": "String",
        "value": "Brain_Tumor_Cloud"
      },
      "networkSecurityGroups": {
        "type": "Array",
        "value": [
          {
            "name": "basicNsgBrain_Tumor_Cloud-nic01",
            "id": "/subscriptions/d844632f-0a17-4479-be7e-4503eb554495/resourceGroups/Management-RS/providers/Microsoft.Network/networkSecurityGroups/basicNsgBrain_Tumor_Cloud-nic01",
            "rules": []
          }
        ]
      },
      "networkInterfaceConfigurations": {
        "type": "Array",
        "value": [
          {
            "name": "Brain_Tumor_Cloud-nic01",
            "primary": true,
            "subnetId": "/subscriptions/d844632f-0a17-4479-be7e-4503eb554495/resourceGroups/Management-RS/providers/Microsoft.Network/virtualNetworks/Brain_Tumor_Cloud/subnets/Web_App_Subnet",
            "applicationGatewayBackendAddressPools": [],
            "loadBalancerBackendAddressPools": [],
            "applicationSecurityGroups": [],
            "loadBalancerInboundNatPools": [],
            "enableAcceleratedNetworking": false,
            "nsgName": "basicNsgBrain_Tumor_Cloud-nic01",
            "nsgId": "/subscriptions/d844632f-0a17-4479-be7e-4503eb554495/resourceGroups/Management-RS/providers/Microsoft.Network/networkSecurityGroups/basicNsgBrain_Tumor_Cloud-nic01",
            "pipName": "publicIp-Brain_Tumor_Cloud-nic01"
          },
          {
            "name": "ManageVMSS_NIC",
            "primary": false,
            "subnetId": "/subscriptions/d844632f-0a17-4479-be7e-4503eb554495/resourceGroups/Management-RS/providers/Microsoft.Network/virtualNetworks/Brain_Tumor_Cloud/subnets/Management_Subnet",
            "applicationGatewayBackendAddressPools": [],
            "loadBalancerBackendAddressPools": [],
            "applicationSecurityGroups": [],
            "loadBalancerInboundNatPools": [],
            "enableAcceleratedNetworking": false,
            "nsgName": "",
            "nsgId": "",
            "pipName": "publicIp-ManageVMSS_NIC"
          }
        ]
      },
      "vmName": {
        "type": "String",
        "value": "ManagementVMSS"
      },
      "virtualMachineScaleSetName": {
        "type": "String",
        "value": "ManagementVMSS"
      },
      "instanceCount": {
        "type": "String",
        "value": "2"
      },
      "instanceSize": {
        "type": "String",
        "value": "Standard_D2s_v3"
      },
      "zone": {
        "type": "Array",
        "value": [
          "2"
        ]
      },
      "platformFaultDomainCount": {
        "type": "String",
        "value": "1"
      },
      "scaleInPolicy": {
        "type": "Object",
        "value": {
          "rules": [
            "Default"
          ],
          "forceDeletion": false
        }
      },
      "upgradePolicy": {
        "type": "String",
        "value": "Manual"
      },
      "hibernationEnabled": {
        "type": "Bool",
        "value": false
      },
      "adminUsername": {
        "type": "String",
        "value": "ManageAdmin"
      },
      "adminPassword": {
        "type": "SecureString"
      },
      "patchMode": {
        "type": "String",
        "value": "AutomaticByOS"
      },
      "enableHotpatching": {
        "type": "Bool",
        "value": false
      },
      "securityType": {
        "type": "String",
        "value": "TrustedLaunch"
      },
      "secureBoot": {
        "type": "Bool",
        "value": true
      },
      "vTPM": {
        "type": "Bool",
        "value": true
      }
    },
    "mode": "Incremental",
    "debugSetting": {
      "detailLevel": "None"
    },
    "provisioningState": "Succeeded",
    "timestamp": "2025-12-21T20:01:16.5782444Z",
    "duration": "PT1M38.1842315S",
    "correlationId": "b66ac3ca-b0e9-4ed6-8ff5-a13c1dfc81b6",
    "providers": [
      {
        "namespace": "Microsoft.Insights",
        "resourceTypes": [
          {
            "resourceType": "autoscaleSettings",
            "locations": [
              "westeurope"
            ]
          }
        ]
      },
      {
        "namespace": "Microsoft.Compute",
        "resourceTypes": [
          {
            "resourceType": "virtualMachineScaleSets",
            "locations": [
              "westeurope"
            ]
          }
        ]
      },
      {
        "namespace": "Microsoft.Network",
        "resourceTypes": [
          {
            "resourceType": "networkSecurityGroups",
            "locations": [
              "westeurope"
            ]
          }
        ]
      }
    ],
    "dependencies": [
      {
        "dependsOn": [
          {
            "id": "/subscriptions/d844632f-0a17-4479-be7e-4503eb554495/resourceGroups/Management-RS/providers/Microsoft.Compute/virtualMachineScaleSets/ManagementVMSS",
            "resourceType": "Microsoft.Compute/virtualMachineScaleSets",
            "resourceName": "ManagementVMSS"
          }
        ],
        "id": "/subscriptions/d844632f-0a17-4479-be7e-4503eb554495/resourceGroups/Management-RS/providers/Microsoft.Insights/autoscaleSettings/ManagementVMSSautoscale",
        "resourceType": "Microsoft.Insights/autoscaleSettings",
        "resourceName": "ManagementVMSSautoscale"
      },
      {
        "dependsOn": [
          {
            "id": "/subscriptions/d844632f-0a17-4479-be7e-4503eb554495/resourceGroups/Management-RS/providers/Microsoft.Network/networkSecurityGroups/basicNsgBrain_Tumor_Cloud-nic01",
            "resourceType": "Microsoft.Network/networkSecurityGroups",
            "resourceName": "basicNsgBrain_Tumor_Cloud-nic01"
          }
        ],
        "id": "/subscriptions/d844632f-0a17-4479-be7e-4503eb554495/resourceGroups/Management-RS/providers/Microsoft.Compute/virtualMachineScaleSets/ManagementVMSS",
        "resourceType": "Microsoft.Compute/virtualMachineScaleSets",
        "resourceName": "ManagementVMSS"
      }
    ],
    "outputs": {
      "adminUsername": {
        "type": "String",
        "value": "ManageAdmin"
      }
    },
    "outputResources": [
      {
        "id": "/subscriptions/d844632f-0a17-4479-be7e-4503eb554495/resourceGroups/Management-RS/providers/Microsoft.Compute/virtualMachineScaleSets/ManagementVMSS"
      },
      {
        "id": "/subscriptions/d844632f-0a17-4479-be7e-4503eb554495/resourceGroups/Management-RS/providers/Microsoft.Insights/autoscaleSettings/ManagementVMSSautoscale"
      },
      {
        "id": "/subscriptions/d844632f-0a17-4479-be7e-4503eb554495/resourceGroups/Management-RS/providers/Microsoft.Network/networkSecurityGroups/basicNsgBrain_Tumor_Cloud-nic01"
      }
    ],
    "validationLevel": "Template"
  },
  "tags": {
    "primaryResourceId": "/subscriptions/d844632f-0a17-4479-be7e-4503eb554495/resourcegroups/Management-RS/providers/Microsoft.Compute/virtualMachineScaleSets/ManagementVMSS"
  }
}