[
  {
    "id": "/subscriptions/d844632f-0a17-4479-be7e-4503eb554495/resourceGroups/Management-RS/providers/Microsoft.Resources/deployments/CreateVmss-MicrosoftWindowsServer.WindowsServer-2-20251221225037/operations/CCDDD284895807AD",
    "operationId": "CCDDD284895807AD",
    "properties": {
      "provisioningOperation": "Create",
      "provisioningState": "Succeeded",
      "timestamp": "2025-12-21T19:59:40.7962483Z",
      "duration": "PT1M35.2195537S",
      "trackingId": "c988d39c-abad-4f3f-8c3c-094f92373cc9",
      "statusCode": "Created",
      "targetResource": {
        "id": "/subscriptions/d844632f-0a17-4479-be7e-4503eb554495/resourceGroups/Management-RS/providers/Microsoft.Insights/autoscaleSettings/ManagementVMSSautoscale",
        "resourceType": "Microsoft.Insights/autoscaleSettings",
        "resourceName": "ManagementVMSSautoscale"
      }
    }
  },
  {
    "id": "/subscriptions/d844632f-0a17-4479-be7e-4503eb554495/resourceGroups/Management-RS/providers/Microsoft.Resources/deployments/CreateVmss-MicrosoftWindowsServer.WindowsServer-2-20251221225037/operations/EDBDB9E9C2760CDD",
    "operationId": "EDBDB9E9C2760CDD",
    "properties": {
      "provisioningOperation": "Create",
      "provisioningState": "Succeeded",
      "timestamp": "2025-12-21T19:59:40.7962483Z",
      "duration": "PT1M28.5631932S",
      "trackingId": "58032804-3ad2-45ca-a72a-d630063a1130",
      "statusCode": "OK",
      "targetResource": {
        "id": "/subscriptions/d844632f-0a17-4479-be7e-4503eb554495/resourceGroups/Management-RS/providers/Microsoft.Compute/virtualMachineScaleSets/ManagementVMSS",
        "resourceType": "Microsoft.Compute/virtualMachineScaleSets",
        "resourceName": "ManagementVMSS"
      }
    }
  },
  {
    "id": "/subscriptions/d844632f-0a17-4479-be7e-4503eb554495/resourceGroups/Management-RS/providers/Microsoft.Resources/deployments/CreateVmss-MicrosoftWindowsServer.WindowsServer-2-20251221225037/operations/C91E194C18612F43",
    "operationId": "C91E194C18612F43",
    "properties": {
      "provisioningOperation": "Create",
      "provisioningState": "Succeeded",
      "timestamp": "2025-12-21T19:59:40.7962483Z",
      "duration": "PT5.4039711S",
      "trackingId": "5a79b444-f790-4ce2-8083-cd0a03d072b5",
      "statusCode": "OK",
      "targetResource": {
        "id": "/subscriptions/d844632f-0a17-4479-be7e-4503eb554495/resourceGroups/Management-RS/providers/Microsoft.Network/networkSecurityGroups/basicNsgBrain_Tumor_Cloud-nic01",
        "resourceType": "Microsoft.Network/networkSecurityGroups",
        "resourceName": "basicNsgBrain_Tumor_Cloud-nic01"
      }
    }
  },
  {
    "id": "/subscriptions/d844632f-0a17-4479-be7e-4503eb554495/resourceGroups/Management-RS/providers/Microsoft.Resources/deployments/CreateVmss-MicrosoftWindowsServer.WindowsServer-2-20251221225037/operations/08584352597070805537",
    "operationId": "08584352597070805537",
    "properties": {
      "provisioningOperation": "EvaluateDeploymentOutput",
      "provisioningState": "Succeeded",
      "timestamp": "2025-12-21T19:59:40.7962483Z",
      "duration": "PT1M35.6726163S",
      "trackingId": "881dedde-8e8b-4caf-b4ef-bd2bd63e9280",
      "statusCode": "OK"
    }
  }
]