[
  {
    "id": "/subscriptions/d844632f-0a17-4479-be7e-4503eb554495/resourceGroups/Management-RS/providers/Microsoft.Resources/deployments/CreateVm-MicrosoftWindowsServer.WindowsServer-202-20251227134833/operations/2C88368A3FE06295",
    "operationId": "2C88368A3FE06295",
    "properties": {
      "provisioningOperation": "Create",
      "provisioningState": "Succeeded",
      "timestamp": "2025-12-27T10:55:26.6467749Z",
      "duration": "PT1M25.1693583S",
      "trackingId": "0aac9164-58ff-4e33-bd0a-81ec8c39181d",
      "statusCode": "Created",
      "targetResource": {
        "id": "/subscriptions/d844632f-0a17-4479-be7e-4503eb554495/resourceGroups/Management-RS/providers/Microsoft.DevTestLab/schedules/shutdown-computevm-Onprem",
        "resourceType": "Microsoft.DevTestLab/schedules",
        "resourceName": "shutdown-computevm-Onprem"
      }
    }
  },
  {
    "id": "/subscriptions/d844632f-0a17-4479-be7e-4503eb554495/resourceGroups/Management-RS/providers/Microsoft.Resources/deployments/CreateVm-MicrosoftWindowsServer.WindowsServer-202-20251227134833/operations/79EB64871B238AB1",
    "operationId": "79EB64871B238AB1",
    "properties": {
      "provisioningOperation": "Create",
      "provisioningState": "Succeeded",
      "timestamp": "2025-12-27T10:55:26.6467749Z",
      "duration": "PT1M21.4659194S",
      "trackingId": "5503f4db-a1c6-448b-92dc-f872a8663ee6",
      "statusCode": "OK",
      "targetResource": {
        "id": "/subscriptions/d844632f-0a17-4479-be7e-4503eb554495/resourceGroups/Management-RS/providers/Microsoft.Compute/virtualMachines/Onprem",
        "resourceType": "Microsoft.Compute/virtualMachines",
        "resourceName": "Onprem"
      }
    }
  },
  {
    "id": "/subscriptions/d844632f-0a17-4479-be7e-4503eb554495/resourceGroups/Management-RS/providers/Microsoft.Resources/deployments/CreateVm-MicrosoftWindowsServer.WindowsServer-202-20251227134833/operations/0C7D665F29D077D0",
    "operationId": "0C7D665F29D077D0",
    "properties": {
      "provisioningOperation": "Create",
      "provisioningState": "Succeeded",
      "timestamp": "2025-12-27T10:55:26.6467749Z",
      "duration": "PT5.1931913S",
      "trackingId": "73b9467d-314a-4a78-a2ea-b050d306c019",
      "statusCode": "OK",
      "targetResource": {
        "id": "/subscriptions/d844632f-0a17-4479-be7e-4503eb554495/resourceGroups/Management-RS/providers/Microsoft.Network/networkInterfaces/onprem142_z2",
        "resourceType": "Microsoft.Network/networkInterfaces",
        "resourceName": "onprem142_z2"
      }
    }
  },
  {
    "id": "/subscriptions/d844632f-0a17-4479-be7e-4503eb554495/resourceGroups/Management-RS/providers/Microsoft.Resources/deployments/CreateVm-MicrosoftWindowsServer.WindowsServer-202-20251227134833/operations/BF66675F4786CFC4",
    "operationId": "BF66675F4786CFC4",
    "properties": {
      "provisioningOperation": "Create",
      "provisioningState": "Succeeded",
      "timestamp": "2025-12-27T10:55:21.5612722Z",
      "duration": "PT5.0202219S",
      "trackingId": "fae46dfe-4f7c-47a7-bf02-20bbcc8cca16",
      "statusCode": "OK",
      "targetResource": {
        "id": "/subscriptions/d844632f-0a17-4479-be7e-4503eb554495/resourceGroups/Management-RS/providers/Microsoft.Network/networkSecurityGroups/Onprem-nsg",
        "resourceType": "Microsoft.Network/networkSecurityGroups",
        "resourceName": "Onprem-nsg"
      }
    }
  },
  {
    "id": "/subscriptions/d844632f-0a17-4479-be7e-4503eb554495/resourceGroups/Management-RS/providers/Microsoft.Resources/deployments/CreateVm-MicrosoftWindowsServer.WindowsServer-202-20251227134833/operations/7CD04FE7FB1BEEC6",
    "operationId": "7CD04FE7FB1BEEC6",
    "properties": {
      "provisioningOperation": "Create",
      "provisioningState": "Succeeded",
      "timestamp": "2025-12-27T10:55:21.5612722Z",
      "duration": "PT4.0058541S",
      "trackingId": "66ee289f-d234-4b29-9bdd-427dd3b0749f",
      "statusCode": "OK",
      "targetResource": {
        "id": "/subscriptions/d844632f-0a17-4479-be7e-4503eb554495/resourceGroups/Management-RS/providers/Microsoft.Network/publicIpAddresses/Onprem-ip",
        "resourceType": "Microsoft.Network/publicIpAddresses",
        "resourceName": "Onprem-ip"
      }
    }
  },
  {
    "id": "/subscriptions/d844632f-0a17-4479-be7e-4503eb554495/resourceGroups/Management-RS/providers/Microsoft.Resources/deployments/CreateVm-MicrosoftWindowsServer.WindowsServer-202-20251227134833/operations/08584347739673708950",
    "operationId": "08584347739673708950",
    "properties": {
      "provisioningOperation": "EvaluateDeploymentOutput",
      "provisioningState": "Succeeded",
      "timestamp": "2025-12-27T10:55:26.6467749Z",
      "duration": "PT1M25.5756438S",
      "trackingId": "2c3226a3-1669-40fa-8324-ab1b440281fb",
      "statusCode": "OK"
    }
  }
]