{
  "id": "/subscriptions/d844632f-0a17-4479-be7e-4503eb554495/resourceGroups/Management-RS/providers/Microsoft.Resources/deployments/CreateVm-MicrosoftWindowsServer.WindowsServer-202-20251227134833",
  "name": "CreateVm-MicrosoftWindowsServer.WindowsServer-202-20251227134833",
  "type": "Microsoft.Resources/deployments",
  "tags": {
    "primaryResourceId": "/subscriptions/d844632f-0a17-4479-be7e-4503eb554495/resourcegroups/Management-RS/providers/Microsoft.Compute/virtualMachines/Onprem",
    "marketplaceItemId": "Microsoft.VirtualMachine-ARM",
    "provisioningHash": "SolutionProvider"
  },
  "properties": {
    "templateHash": "4648383186467575521",
    "parameters": {
      "location": {
        "type": "String",
        "value": "westeurope"
      },
      "networkInterfaceName2": {
        "type": "String",
        "value": "onprem142_z2"
      },
      "enableAcceleratedNetworking": {
        "type": "Bool",
        "value": true
      },
      "networkSecurityGroupName": {
        "type": "String",
        "value": "Onprem-nsg"
      },
      "networkSecurityGroupRules": {
        "type": "Array",
        "value": [
          {
            "name": "RDP",
            "properties": {
              "priority": 300,
              "protocol": "TCP",
              "access": "Allow",
              "direction": "Inbound",
              "sourceAddressPrefix": "*",
              "sourcePortRange": "*",
              "destinationAddressPrefix": "*",
              "destinationPortRange": "3389"
            }
          }
        ]
      },
      "subnetName": {
        "type": "String",
        "value": "OnPrem-VM-Subnet"
      },
      "virtualNetworkId": {
        "type": "String",
        "value": "/subscriptions/d844632f-0a17-4479-be7e-4503eb554495/resourceGroups/Management-RS/providers/Microsoft.Network/virtualNetworks/OnPrem-Sim-VNet"
      },
      "publicIpAddressName2": {
        "type": "String",
        "value": "Onprem-ip"
      },
      "publicIpAddressType": {
        "type": "String",
        "value": "Static"
      },
      "publicIpAddressSku": {
        "type": "String",
        "value": "Standard"
      },
      "pipDeleteOption": {
        "type": "String",
        "value": "Delete"
      },
      "virtualMachineName": {
        "type": "String",
        "value": "Onprem"
      },
      "virtualMachineName2": {
        "type": "String",
        "value": "Onprem"
      },
      "virtualMachineComputerName2": {
        "type": "String",
        "value": "Onprem"
      },
      "virtualMachineRG": {
        "type": "String",
        "value": "Management-RS"
      },
      "osDiskType": {
        "type": "String",
        "value": "StandardSSD_LRS"
      },
      "osDiskDeleteOption": {
        "type": "String",
        "value": "Delete"
      },
      "virtualMachineSize": {
        "type": "String",
        "value": "Standard_D2s_v3"
      },
      "nicDeleteOption": {
        "type": "String",
        "value": "Delete"
      },
      "hibernationEnabled": {
        "type": "Bool",
        "value": false
      },
      "adminUsername": {
        "type": "String",
        "value": "AdminOnprem"
      },
      "adminPassword": {
        "type": "SecureString"
      },
      "patchMode": {
        "type": "String",
        "value": "AutomaticByOS"
      },
      "enablePeriodicAssessment": {
        "type": "String",
        "value": "ImageDefault"
      },
      "enableHotpatching": {
        "type": "Bool",
        "value": false
      },
      "securityType": {
        "type": "String",
        "value": "TrustedLaunch"
      },
      "secureBoot": {
        "type": "Bool",
        "value": true
      },
      "vTPM": {
        "type": "Bool",
        "value": true
      },
      "virtualMachine2Zone": {
        "type": "String",
        "value": "2"
      },
      "autoShutdownStatus": {
        "type": "String",
        "value": "Enabled"
      },
      "autoShutdownTime": {
        "type": "String",
        "value": "19:00"
      },
      "autoShutdownTimeZone": {
        "type": "String",
        "value": "UTC"
      },
      "autoShutdownNotificationStatus": {
        "type": "String",
        "value": "Enabled"
      },
      "autoShutdownNotificationLocale": {
        "type": "String",
        "value": "en"
      },
      "autoShutdownNotificationEmail": {
        "type": "String",
        "value": "202203753@student.polytechnic.bh"
      }
    },
    "mode": "Incremental",
    "debugSetting": {
      "detailLevel": "None"
    },
    "provisioningState": "Succeeded",
    "timestamp": "2025-12-27T10:56:52.3474379Z",
    "duration": "PT1M34.2518127S",
    "correlationId": "14aff5e4-1760-4164-bdc1-ef4621e4ac79",
    "providers": [
      {
        "namespace": "Microsoft.Network",
        "resourceTypes": [
          {
            "resourceType": "networkInterfaces",
            "locations": [
              "westeurope"
            ]
          },
          {
            "resourceType": "networkSecurityGroups",
            "locations": [
              "westeurope"
            ]
          },
          {
            "resourceType": "publicIpAddresses",
            "locations": [
              "westeurope"
            ]
          }
        ]
      },
      {
        "namespace": "Microsoft.Compute",
        "resourceTypes": [
          {
            "resourceType": "virtualMachines",
            "locations": [
              "westeurope"
            ]
          }
        ]
      },
      {
        "namespace": "Microsoft.DevTestLab",
        "resourceTypes": [
          {
            "resourceType": "schedules",
            "locations": [
              "westeurope"
            ]
          }
        ]
      }
    ],
    "dependencies": [
      {
        "dependsOn": [
          {
            "id": "/subscriptions/d844632f-0a17-4479-be7e-4503eb554495/resourceGroups/Management-RS/providers/Microsoft.Network/networkSecurityGroups/Onprem-nsg",
            "resourceType": "Microsoft.Network/networkSecurityGroups",
            "resourceName": "Onprem-nsg"
          },
          {
            "id": "/subscriptions/d844632f-0a17-4479-be7e-4503eb554495/resourceGroups/Management-RS/providers/Microsoft.Network/publicIpAddresses/Onprem-ip",
            "resourceType": "Microsoft.Network/publicIpAddresses",
            "resourceName": "Onprem-ip"
          }
        ],
        "id": "/subscriptions/d844632f-0a17-4479-be7e-4503eb554495/resourceGroups/Management-RS/providers/Microsoft.Network/networkInterfaces/onprem142_z2",
        "resourceType": "Microsoft.Network/networkInterfaces",
        "resourceName": "onprem142_z2"
      },
      {
        "dependsOn": [
          {
            "id": "/subscriptions/d844632f-0a17-4479-be7e-4503eb554495/resourceGroups/Management-RS/providers/Microsoft.Network/networkInterfaces/onprem142_z2",
            "resourceType": "Microsoft.Network/networkInterfaces",
            "resourceName": "onprem142_z2"
          }
        ],
        "id": "/subscriptions/d844632f-0a17-4479-be7e-4503eb554495/resourceGroups/Management-RS/providers/Microsoft.Compute/virtualMachines/Onprem",
        "resourceType": "Microsoft.Compute/virtualMachines",
        "resourceName": "Onprem"
      },
      {
        "dependsOn": [
          {
            "id": "/subscriptions/d844632f-0a17-4479-be7e-4503eb554495/resourceGroups/Management-RS/providers/Microsoft.Compute/virtualMachines/Onprem",
            "resourceType": "Microsoft.Compute/virtualMachines",
            "resourceName": "Onprem"
          }
        ],
        "id": "/subscriptions/d844632f-0a17-4479-be7e-4503eb554495/resourceGroups/Management-RS/providers/Microsoft.DevTestLab/schedules/shutdown-computevm-Onprem",
        "resourceType": "Microsoft.DevTestLab/schedules",
        "resourceName": "shutdown-computevm-Onprem"
      }
    ],
    "outputs": {
      "adminUsername": {
        "type": "String",
        "value": "AdminOnprem"
      }
    },
    "outputResources": [
      {
        "id": "/subscriptions/d844632f-0a17-4479-be7e-4503eb554495/resourceGroups/Management-RS/providers/Microsoft.Compute/virtualMachines/Onprem"
      },
      {
        "id": "/subscriptions/d844632f-0a17-4479-be7e-4503eb554495/resourceGroups/Management-RS/providers/Microsoft.DevTestLab/schedules/shutdown-computevm-Onprem"
      },
      {
        "id": "/subscriptions/d844632f-0a17-4479-be7e-4503eb554495/resourceGroups/Management-RS/providers/Microsoft.Network/networkInterfaces/onprem142_z2"
      },
      {
        "id": "/subscriptions/d844632f-0a17-4479-be7e-4503eb554495/resourceGroups/Management-RS/providers/Microsoft.Network/networkSecurityGroups/Onprem-nsg"
      },
      {
        "id": "/subscriptions/d844632f-0a17-4479-be7e-4503eb554495/resourceGroups/Management-RS/providers/Microsoft.Network/publicIpAddresses/Onprem-ip"
      }
    ],
    "validationLevel": "Template"
  }
}