{
  "id": "/subscriptions/d844632f-0a17-4479-be7e-4503eb554495/resourceGroups/Frontend-RS/providers/Microsoft.Resources/deployments/Microsoft.AppInsights",
  "name": "Microsoft.AppInsights",
  "type": "Microsoft.Resources/deployments",
  "properties": {
    "templateHash": "1895296941618136131",
    "parameters": {
      "name": {
        "type": "String",
        "value": "WebMonitor"
      },
      "type": {
        "type": "String",
        "value": "web"
      },
      "regionId": {
        "type": "String",
        "value": "westeurope"
      },
      "tagsArray": {
        "type": "Object",
        "value": {
          "Front end- web": "43"
        }
      },
      "requestSource": {
        "type": "String",
        "value": "IbizaAIExtension"
      },
      "workspaceResourceId": {
        "type": "String",
        "value": "/subscriptions/d844632f-0a17-4479-be7e-4503eb554495/resourcegroups/DefaultResourceGroup-WEU/providers/Microsoft.OperationalInsights/workspaces/DefaultWorkspace-d844632f-0a17-4479-be7e-4503eb554495-WEU"
      }
    },
    "mode": "Incremental",
    "debugSetting": {
      "detailLevel": "None"
    },
    "provisioningState": "Running",
    "timestamp": "2025-12-21T16:39:41.0694235Z",
    "duration": "PT3.4607496S",
    "correlationId": "eb27f97e-e32d-4538-b631-425ed3bc3975",
    "providers": [
      {
        "namespace": "microsoft.insights",
        "resourceTypes": [
          {
            "resourceType": "components",
            "locations": [
              "westeurope"
            ]
          }
        ]
      },
      {
        "namespace": "Microsoft.Resources",
        "resourceTypes": [
          {
            "resourceType": "deployments",
            "locations": [
              null
            ]
          }
        ]
      }
    ],
    "dependencies": [
      {
        "dependsOn": [
          {
            "id": "/subscriptions/d844632f-0a17-4479-be7e-4503eb554495/resourceGroups/DefaultResourceGroup-WEU/providers/Microsoft.Resources/deployments/newWorkspaceTemplate",
            "resourceType": "Microsoft.Resources/deployments",
            "resourceName": "newWorkspaceTemplate"
          }
        ],
        "id": "/subscriptions/d844632f-0a17-4479-be7e-4503eb554495/resourceGroups/Frontend-RS/providers/microsoft.insights/components/WebMonitor",
        "resourceType": "microsoft.insights/components",
        "resourceName": "WebMonitor"
      }
    ],
    "validationLevel": "Template"
  },
  "tags": {
    "primaryResourceId": "/subscriptions/d844632f-0a17-4479-be7e-4503eb554495/resourcegroups/Frontend-RS/providers/microsoft.insights/components/WebMonitor"
  }
}