[
  {
    "id": "/subscriptions/d844632f-0a17-4479-be7e-4503eb554495/resourceGroups/Frontend-RS/providers/Microsoft.Resources/deployments/Microsoft.AppInsights/operations/A5C41A9D45B0A488",
    "operationId": "A5C41A9D45B0A488",
    "properties": {
      "provisioningOperation": "Create",
      "provisioningState": "Running",
      "timestamp": "2025-12-21T16:39:43.4170527Z",
      "duration": "PT17.5067348S",
      "trackingId": "98e8ddf5-ced0-4d75-91fd-2034017811e0",
      "statusCode": "Created",
      "targetResource": {
        "id": "/subscriptions/d844632f-0a17-4479-be7e-4503eb554495/resourceGroups/DefaultResourceGroup-WEU/providers/Microsoft.Resources/deployments/newWorkspaceTemplate",
        "resourceType": "Microsoft.Resources/deployments",
        "resourceName": "newWorkspaceTemplate"
      }
    }
  }
]