[
  {
    "id": "/subscriptions/d844632f-0a17-4479-be7e-4503eb554495/resourceGroups/ML-RS/providers/Microsoft.Resources/deployments/Microsoft.App-ContainerApp-Portal-83b9e7b5-8ddd/operations/2DF2D228147238DA",
    "operationId": "2DF2D228147238DA",
    "properties": {
      "provisioningOperation": "Create",
      "provisioningState": "Succeeded",
      "timestamp": "2025-12-24T18:49:29.6502955Z",
      "duration": "PT3M17.7878833S",
      "trackingId": "0baebade-1115-483c-b9de-968c49dcc629",
      "statusCode": "OK",
      "targetResource": {
        "id": "/subscriptions/d844632f-0a17-4479-be7e-4503eb554495/resourceGroups/ML-RS/providers/Microsoft.App/containerapps/mlmodel",
        "resourceType": "Microsoft.App/containerapps",
        "resourceName": "mlmodel"
      }
    }
  },
  {
    "id": "/subscriptions/d844632f-0a17-4479-be7e-4503eb554495/resourceGroups/ML-RS/providers/Microsoft.Resources/deployments/Microsoft.App-ContainerApp-Portal-83b9e7b5-8ddd/operations/83A59B43121C6DCA",
    "operationId": "83A59B43121C6DCA",
    "properties": {
      "provisioningOperation": "Create",
      "provisioningState": "Succeeded",
      "timestamp": "2025-12-24T18:49:29.6502955Z",
      "duration": "PT2M42.9974481S",
      "trackingId": "0385219a-58b3-48a6-899c-a2f58a73bfdc",
      "statusCode": "OK",
      "targetResource": {
        "id": "/subscriptions/d844632f-0a17-4479-be7e-4503eb554495/resourceGroups/ML-RS/providers/Microsoft.Resources/deployments/AcrPullRoleAssignmentDeployment",
        "resourceType": "Microsoft.Resources/deployments",
        "resourceName": "AcrPullRoleAssignmentDeployment"
      }
    }
  },
  {
    "id": "/subscriptions/d844632f-0a17-4479-be7e-4503eb554495/resourceGroups/ML-RS/providers/Microsoft.Resources/deployments/Microsoft.App-ContainerApp-Portal-83b9e7b5-8ddd/operations/E01CA0DA8679A6CA",
    "operationId": "E01CA0DA8679A6CA",
    "properties": {
      "provisioningOperation": "Read",
      "provisioningState": "Succeeded",
      "timestamp": "2025-12-24T18:49:29.6502955Z",
      "duration": "PT2M35.7560415S",
      "trackingId": "032b845c-0516-4876-b645-0e48e5ee5324",
      "statusCode": "OK",
      "targetResource": {
        "id": "/subscriptions/d844632f-0a17-4479-be7e-4503eb554495/resourceGroups/ML-RS/providers/Microsoft.App/managedEnvironments/managedEnvironment-MLRS-9022",
        "resourceType": "Microsoft.App/managedEnvironments",
        "resourceName": "managedEnvironment-MLRS-9022",
        "apiVersion": "2024-08-02-preview"
      }
    }
  },
  {
    "id": "/subscriptions/d844632f-0a17-4479-be7e-4503eb554495/resourceGroups/ML-RS/providers/Microsoft.Resources/deployments/Microsoft.App-ContainerApp-Portal-83b9e7b5-8ddd/operations/CC47CB0992C03B08",
    "operationId": "CC47CB0992C03B08",
    "properties": {
      "provisioningOperation": "Create",
      "provisioningState": "Succeeded",
      "timestamp": "2025-12-24T18:49:29.6502955Z",
      "duration": "PT2M35.599778S",
      "trackingId": "1a7e645d-0912-4f1b-a1e1-bc5681754e91",
      "statusCode": "OK",
      "targetResource": {
        "id": "/subscriptions/d844632f-0a17-4479-be7e-4503eb554495/resourceGroups/ML-RS/providers/Microsoft.App/managedEnvironments/managedEnvironment-MLRS-9022",
        "resourceType": "Microsoft.App/managedEnvironments",
        "resourceName": "managedEnvironment-MLRS-9022"
      }
    }
  },
  {
    "id": "/subscriptions/d844632f-0a17-4479-be7e-4503eb554495/resourceGroups/ML-RS/providers/Microsoft.Resources/deployments/Microsoft.App-ContainerApp-Portal-83b9e7b5-8ddd/operations/5614E4BE9C0877C0",
    "operationId": "5614E4BE9C0877C0",
    "properties": {
      "provisioningOperation": "Action",
      "provisioningState": "Succeeded",
      "timestamp": "2025-12-24T18:49:05.6349191Z",
      "duration": "PT23.9507451S",
      "trackingId": "abe7170a-266f-4f3a-a442-3785b3b58aa7",
      "statusCode": "OK",
      "targetResource": {
        "id": "/subscriptions/d844632f-0a17-4479-be7e-4503eb554495/resourceGroups/ML-RS/providers/Microsoft.OperationalInsights/workspaces/workspacemlrs8348",
        "resourceType": "Microsoft.OperationalInsights/workspaces",
        "resourceName": "workspacemlrs8348",
        "actionName": "listKeys",
        "apiVersion": "2020-08-01"
      }
    }
  },
  {
    "id": "/subscriptions/d844632f-0a17-4479-be7e-4503eb554495/resourceGroups/ML-RS/providers/Microsoft.Resources/deployments/Microsoft.App-ContainerApp-Portal-83b9e7b5-8ddd/operations/CD6FD2D5A209856F",
    "operationId": "CD6FD2D5A209856F",
    "properties": {
      "provisioningOperation": "Read",
      "provisioningState": "Succeeded",
      "timestamp": "2025-12-24T18:49:29.4795531Z",
      "duration": "PT0.0592333S",
      "trackingId": "a1358cc0-f4b1-475d-87cf-06a4583d568d",
      "statusCode": "OK",
      "targetResource": {
        "id": "/subscriptions/d844632f-0a17-4479-be7e-4503eb554495/resourceGroups/ML-RS/providers/Microsoft.OperationalInsights/workspaces/workspacemlrs8348",
        "resourceType": "Microsoft.OperationalInsights/workspaces",
        "resourceName": "workspacemlrs8348",
        "apiVersion": "2020-08-01"
      }
    }
  },
  {
    "id": "/subscriptions/d844632f-0a17-4479-be7e-4503eb554495/resourceGroups/ML-RS/providers/Microsoft.Resources/deployments/Microsoft.App-ContainerApp-Portal-83b9e7b5-8ddd/operations/ADAF5A274D77D39B",
    "operationId": "ADAF5A274D77D39B",
    "properties": {
      "provisioningOperation": "Create",
      "provisioningState": "Succeeded",
      "timestamp": "2025-12-24T18:49:05.6349191Z",
      "duration": "PT23.7788647S",
      "trackingId": "f487a8cc-2b75-4e61-9bab-4196e34f5e38",
      "statusCode": "OK",
      "targetResource": {
        "id": "/subscriptions/d844632f-0a17-4479-be7e-4503eb554495/resourceGroups/ML-RS/providers/Microsoft.OperationalInsights/workspaces/workspacemlrs8348",
        "resourceType": "Microsoft.OperationalInsights/workspaces",
        "resourceName": "workspacemlrs8348"
      }
    }
  },
  {
    "id": "/subscriptions/d844632f-0a17-4479-be7e-4503eb554495/resourceGroups/ML-RS/providers/Microsoft.Resources/deployments/Microsoft.App-ContainerApp-Portal-83b9e7b5-8ddd/operations/08584350047427046002",
    "operationId": "08584350047427046002",
    "properties": {
      "provisioningOperation": "EvaluateDeploymentOutput",
      "provisioningState": "Succeeded",
      "timestamp": "2025-12-24T18:49:29.6502955Z",
      "duration": "PT3M18.3504008S",
      "trackingId": "856827e7-49d6-4cfe-8ef1-8fd8ee12372a",
      "statusCode": "OK"
    }
  }
]