{
  "id": "/subscriptions/d844632f-0a17-4479-be7e-4503eb554495/resourceGroups/ML-RS/providers/Microsoft.Resources/deployments/Microsoft.App-ContainerApp-Portal-83b9e7b5-8ddd",
  "name": "Microsoft.App-ContainerApp-Portal-83b9e7b5-8ddd",
  "type": "Microsoft.Resources/deployments",
  "properties": {
    "templateHash": "3893830864685328549",
    "parameters": {
      "subscriptionId": {
        "type": "String",
        "value": "d844632f-0a17-4479-be7e-4503eb554495"
      },
      "name": {
        "type": "String",
        "value": "mlmodel"
      },
      "location": {
        "type": "String",
        "value": "westeurope"
      },
      "environmentId": {
        "type": "String",
        "value": "/subscriptions/d844632f-0a17-4479-be7e-4503eb554495/resourceGroups/ML-RS/providers/Microsoft.App/managedEnvironments/managedEnvironment-MLRS-9022"
      },
      "containers": {
        "type": "Array",
        "value": [
          {
            "name": "mlmodel",
            "image": "braintumoracr.azurecr.io/brain-tumor-ml:v1",
            "command": [],
            "args": [],
            "resources": {
              "cpu": "1",
              "memory": "2Gi"
            }
          }
        ]
      },
      "secrets": {
        "type": "SecureObject"
      },
      "registries": {
        "type": "Array",
        "value": [
          {
            "server": "braintumoracr.azurecr.io",
            "identity": "system-environment"
          }
        ]
      },
      "ingress": {
        "type": "Object",
        "value": {
          "external": true,
          "transport": "Auto",
          "allowInsecure": false,
          "targetPort": 8000,
          "stickySessions": {
            "affinity": "none"
          },
          "additionalPortMappings": []
        }
      },
      "environmentName": {
        "type": "String",
        "value": "managedEnvironment-MLRS-9022"
      },
      "workspaceName": {
        "type": "String",
        "value": "workspacemlrs8348"
      },
      "workspaceLocation": {
        "type": "String",
        "value": "westeurope"
      }
    },
    "mode": "Incremental",
    "debugSetting": {
      "detailLevel": "None"
    },
    "provisioningState": "Succeeded",
    "timestamp": "2025-12-24T18:52:48.1100693Z",
    "duration": "PT3M45.3484458S",
    "correlationId": "91b71fb3-27f5-4552-98d4-56110d606ed0",
    "providers": [
      {
        "namespace": "Microsoft.App",
        "resourceTypes": [
          {
            "resourceType": "containerapps",
            "locations": [
              "westeurope"
            ]
          },
          {
            "resourceType": "managedEnvironments",
            "locations": [
              "westeurope"
            ]
          }
        ]
      },
      {
        "namespace": "Microsoft.Resources",
        "resourceTypes": [
          {
            "resourceType": "deployments",
            "locations": [
              null
            ]
          }
        ]
      },
      {
        "namespace": "Microsoft.OperationalInsights",
        "resourceTypes": [
          {
            "resourceType": "workspaces",
            "locations": [
              "westeurope"
            ]
          }
        ]
      }
    ],
    "dependencies": [
      {
        "dependsOn": [
          {
            "id": "/subscriptions/d844632f-0a17-4479-be7e-4503eb554495/resourceGroups/ML-RS/providers/Microsoft.Resources/deployments/AcrPullRoleAssignmentDeployment",
            "resourceType": "Microsoft.Resources/deployments",
            "resourceName": "AcrPullRoleAssignmentDeployment"
          },
          {
            "id": "/subscriptions/d844632f-0a17-4479-be7e-4503eb554495/resourceGroups/ML-RS/providers/Microsoft.App/managedEnvironments/managedEnvironment-MLRS-9022",
            "resourceType": "Microsoft.App/managedEnvironments",
            "resourceName": "managedEnvironment-MLRS-9022"
          }
        ],
        "id": "/subscriptions/d844632f-0a17-4479-be7e-4503eb554495/resourceGroups/ML-RS/providers/Microsoft.App/containerapps/mlmodel",
        "resourceType": "Microsoft.App/containerapps",
        "resourceName": "mlmodel"
      },
      {
        "dependsOn": [
          {
            "id": "/subscriptions/d844632f-0a17-4479-be7e-4503eb554495/resourceGroups/ML-RS/providers/Microsoft.App/managedEnvironments/managedEnvironment-MLRS-9022",
            "resourceType": "Microsoft.App/managedEnvironments",
            "resourceName": "managedEnvironment-MLRS-9022"
          },
          {
            "id": "/subscriptions/d844632f-0a17-4479-be7e-4503eb554495/resourceGroups/ML-RS/providers/Microsoft.App/managedEnvironments/managedEnvironment-MLRS-9022",
            "resourceType": "Microsoft.App/managedEnvironments",
            "resourceName": "managedEnvironment-MLRS-9022",
            "apiVersion": "2024-08-02-preview"
          }
        ],
        "id": "/subscriptions/d844632f-0a17-4479-be7e-4503eb554495/resourceGroups/ML-RS/providers/Microsoft.Resources/deployments/AcrPullRoleAssignmentDeployment",
        "resourceType": "Microsoft.Resources/deployments",
        "resourceName": "AcrPullRoleAssignmentDeployment"
      },
      {
        "dependsOn": [
          {
            "id": "/subscriptions/d844632f-0a17-4479-be7e-4503eb554495/resourceGroups/ML-RS/providers/Microsoft.OperationalInsights/workspaces/workspacemlrs8348",
            "resourceType": "Microsoft.OperationalInsights/workspaces",
            "resourceName": "workspacemlrs8348"
          },
          {
            "id": "/subscriptions/d844632f-0a17-4479-be7e-4503eb554495/resourceGroups/ML-RS/providers/Microsoft.OperationalInsights/workspaces/workspacemlrs8348",
            "resourceType": "Microsoft.OperationalInsights/workspaces",
            "resourceName": "workspacemlrs8348",
            "apiVersion": "2020-08-01"
          },
          {
            "id": "/subscriptions/d844632f-0a17-4479-be7e-4503eb554495/resourceGroups/ML-RS/providers/Microsoft.OperationalInsights/workspaces/workspacemlrs8348",
            "resourceType": "Microsoft.OperationalInsights/workspaces",
            "resourceName": "workspacemlrs8348",
            "actionName": "listKeys",
            "apiVersion": "2020-08-01"
          }
        ],
        "id": "/subscriptions/d844632f-0a17-4479-be7e-4503eb554495/resourceGroups/ML-RS/providers/Microsoft.App/managedEnvironments/managedEnvironment-MLRS-9022",
        "resourceType": "Microsoft.App/managedEnvironments",
        "resourceName": "managedEnvironment-MLRS-9022"
      }
    ],
    "outputResources": [
      {
        "id": "/subscriptions/d844632f-0a17-4479-be7e-4503eb554495/resourceGroups/ML-RS/providers/Microsoft.App/containerapps/mlmodel"
      },
      {
        "id": "/subscriptions/d844632f-0a17-4479-be7e-4503eb554495/resourceGroups/ML-RS/providers/Microsoft.App/managedEnvironments/managedEnvironment-MLRS-9022"
      },
      {
        "id": "/subscriptions/d844632f-0a17-4479-be7e-4503eb554495/resourceGroups/ML-RS/providers/Microsoft.ContainerRegistry/registries/braintumoracr/providers/Microsoft.Authorization/roleAssignments/71abadfd-bc9c-5770-9f91-5007c5c53005"
      },
      {
        "id": "/subscriptions/d844632f-0a17-4479-be7e-4503eb554495/resourceGroups/ML-RS/providers/Microsoft.OperationalInsights/workspaces/workspacemlrs8348"
      }
    ],
    "validationLevel": "Template"
  },
  "tags": {
    "primaryResourceId": "/subscriptions/d844632f-0a17-4479-be7e-4503eb554495/resourceGroups/ML-RS/providers/Microsoft.App/containerapps/mlmodel"
  }
}